{"cameraMode":{"drawMode":0,"name":"Shaded","section":"Shading Mode"},"sceneLighting":false,"audioPlay":false,"sceneViewState":{"m_AlwaysRefresh":false,"showFog":false,"showSkybox":false,"showFlares":false,"showImageEffects":false,"showParticleSystems":false,"showVisualEffectGraphs":true,"m_FxEnabled":true},"in2DMode":false,"pivot":{"x":-0.07047925144433975,"y":0.09908022731542587,"z":-0.07746215164661408},"rotation":{"x":-0.01326397992670536,"y":0.986701488494873,"z":-0.11028546839952469,"w":-0.11867504566907883},"size":0.1480751931667328,"orthographic":false}