{"cameraMode":{"drawMode":0,"name":"Shaded","section":"Shading Mode"},"sceneLighting":false,"audioPlay":false,"sceneViewState":{"m_AlwaysRefresh":false,"showFog":false,"showSkybox":false,"showFlares":false,"showImageEffects":false,"showParticleSystems":false,"showVisualEffectGraphs":true,"m_FxEnabled":true},"in2DMode":false,"pivot":{"x":-0.04834071174263954,"y":0.0728316530585289,"z":0.013058062642812729},"rotation":{"x":-0.05153433978557587,"y":0.9460262656211853,"z":-0.18862900137901307,"w":-0.25846198201179507},"size":0.1084323450922966,"orthographic":false}