{"cameraMode":{"drawMode":0,"name":"Shaded","section":"Shading Mode"},"sceneLighting":true,"audioPlay":false,"sceneViewState":{"m_AlwaysRefresh":false,"showFog":true,"showSkybox":true,"showFlares":true,"showImageEffects":true,"showParticleSystems":true,"showVisualEffectGraphs":true,"m_FxEnabled":true},"in2DMode":false,"pivot":{"x":-0.22901777923107148,"y":0.028376247733831407,"z":-6.47268009185791},"rotation":{"x":-0.09965963661670685,"y":0.8794261813163757,"z":-0.2113088220357895,"w":-0.4147680997848511},"size":0.15557344257831574,"orthographic":false}